id,birthday,description
100,2016-07-12,kSDPgxgatbTNHKx
101,2036-09-18,PKZeunItz
102,2010-07-22,LMApK
103,1997-05-03,HPvCdHbEa VxDfT
104,2015-10-10,NfyDkNAfEoVj
105,2022-07-12,FUarcubChdhMoRo
106,2071-07-09,rXCklv
107,2075-03-30,LIGncffIaeFHWkW
108,2080-07-01,TVJaxUaTTsA
109,1985-07-15,rXNVjcPLjQFTZ
110,2075-09-10,pDxjdhUQqdVvCuG
111,2083-07-11,ePROxH
112,2079-09-05,SwSzqQSQAHqJuG
113,2024-12-30,NsxYAPjHttT
114,1994-06-29,jKsheUH
115,2060-02-08,XtKwRstWzT
116,2025-11-04,GCObwd
117,2083-05-21,slmKNcPzFidb
118,1983-12-25,YqpLtoUCIhRED
119,1981-03-06,ysFVLmrcrXDAb
120,1994-05-30,fspPUFZgsUIlj
121,2063-03-19,emVPTDAfAgXQrL
122,2067-03-14,CPTRs
123,2049-06-08,WQnpiIejJxzj
124,1970-08-30,LYmTLBBQqRTDr
125,2065-04-12," UQfJdGnwnh"
126,2021-02-11,TvpYH
127,1994-04-19,UvxjhGI
128,1992-03-22,NtZDJWcpC
129,1979-02-07,uocAgFzFmuaVK j
130,2045-01-20,KvxTcnkzMwA
131,2029-12-22,kDQZClAJEUTrNjR
132,2088-09-20,QWYNqMikuphpI
133,2070-02-27,TgeVIQ
134,2011-02-07,LvOhm
135,2068-07-12,FiEnfhZwBQ
136,2084-02-16,OjuiW
137,1988-05-23,UrGvMTQjJESA
138,1970-01-17,gcu p
139,2057-07-04,EVmUezI
140,2078-12-22,pjVLTJj
141,2021-05-06,CqtMLNjNqvgh
142,2020-07-08,ScAzOCd
143,2077-03-01,LyYVi
144,2088-03-23,atnNMw
145,2026-04-13,cdgvytBdCZOSw
146,2057-07-24,MhsUNvWjk
147,1990-04-21,idUMhsqgfrfHFh
148,2050-03-17,qcKFTcgMpy
149,1982-07-07,OeMgRpkIuOO
150,2077-02-28,EDLFKO
151,1995-02-09,QdaDK
152,2074-08-29,CbKbEP
153,2057-06-02,lkdDzjigQUDeEx
154,1994-05-08,sEOuMNsqEo wQJX
155,2073-03-01,"PzUgjMD "
156,2064-11-28,bpPlCoGJ
157,2003-02-01,txrjPVHWvdeDtfg
158,2087-02-10,VmjSwiaRV
159,2057-04-15,StrggYkBiZJKUg
160,1996-09-21,XCtyla
161,2084-11-16,SOQNSHB n
162,2075-07-31,BBdJdU
163,2004-11-18,GmN XUjYHGan
164,2005-03-18,lYgt Wg
165,1988-06-05,bgLwJMUStkJdUL
166,2044-09-01,CylADpTDpFrmwH
167,1982-10-31,AnYSNS
168,2060-10-30,yohqhNTYPVOTfU
169,1978-10-18,HuyEqRVcNRPEG
170,1976-11-21,XdJilSFF
171,2021-06-01,NKoBBNNndgqBuUR
172,2018-01-05,EDUExqUZI
173,2070-12-21,mRcaGUrqKtjCZ
174,2080-07-03,FLNTkQPrUdFa
175,2072-02-20,znEKvQtR
176,2088-01-21,VwBAwVmuggz
177,2071-03-02,wxkXTqNnhwALxI
178,1975-01-07,YeqPVo
179,2031-02-20,bWlME A
180,2037-04-27,ysLqBfEfKywfxfx
181,1987-02-15,uRwFsb YNuYJi
182,2088-07-05,FdCGVYo mFSm
183,2058-06-06,KsTnOioSWqyua
184,2056-09-07,nFiIzh
185,2078-07-09,oOwEbWV
186,2070-09-23,nffELTDmW gqum
187,2045-05-21,RiEaQxVZu
188,2044-02-25,olQWwkZLViAD
189,2055-04-27,kuJJjjNaTKa
190,2047-06-09,nCCvBBsGEpvdLfS
191,1999-04-09,dXxpUNJVcsHjZUi
192,2082-08-16,NZRTY
193,2028-02-19,qAfdxQ
194,2080-05-23,fLteq
195,2013-02-20,hvciydCT
196,2041-12-07,wLsZQWwmJvb
197,2042-12-10,ZCKuUupSpjGgg
198,2067-03-28,gyrQGIjWyS
199,1985-09-09,pRxIqxxUcgQm
200,2035-01-13,ixwI NcmqHDMLZD
201,2044-10-06,"  KIZK"
202,2024-11-11,omXMZSMgWwv
203,2059-09-02,MmfbfCK
204,2056-06-23,QBIRoji
205,2088-08-16,FgEeFGAjj
206,2016-10-12,exNfA
207,2062-07-23,VJLzbiWdC
208,1987-04-04,HrAk rOxSx
209,1986-01-30,vTbyFzGbFyk
210,1973-05-04,cjrLslXC
211,2069-09-02,kvapnsRN
212,2064-06-29,pKRxMuc
213,2082-01-12,KYZdIDnsv
214,1989-07-04," pujwUldHyf"
215,2087-08-27,FVJkNIDMLx
216,2067-01-06,JWvaFs g
217,2036-12-07,YTppTZS
218,1980-03-02,ELzapEVwJ
219,2049-04-24,OvgzcDHl
220,2070-05-25,KhbbuUvCDcd
221,1981-06-20,ylLjxaur qIG
222,2050-10-12,gSuVTZwiaQH
223,1972-08-13,udaPDTFOWBtND
224,2068-11-05,ofNWQDiMMih
225,2069-11-12,qJuBwNXQSqdYTmB
226,2081-03-03,INzYvJdtnAMgbOa
227,2022-03-29,BmbjAE
228,1970-08-08,qOuegmvK Ui
229,2079-11-10,BohqRfJBePOWD
230,2020-09-24,KlZYKamtInFHKkC
231,2068-09-12,tkYtvwOb
232,2086-01-26,BoVVCxYzrSvD
233,2075-04-08,cfpdrtNEcJGvBqI
234,2071-12-01,vKyig
235,1982-07-12,cBDo kQ
236,2017-06-01,dFUxvBfjn
237,2023-07-11,HsiZnFs
238,2026-10-04," vIFRs ZItJh"
239,2011-11-20,nvrPVWM
240,1977-11-13,ZGpYhkPXn
241,2009-04-26,SemUaKeW
242,2051-05-28,mhpGPbfqLZMzv
243,2068-08-30,cu cvmO
244,2073-07-19,JqNRlcKazFL
245,2083-12-29,"AUjWptaEgQZChL "
246,1991-07-13,JAopNYZJybbBnb
247,2038-10-17," lkNhMZaEH"
248,2023-08-26,ZBSyZqeumYgIv
249,2033-02-22,zNUNLSZWK
250,2030-08-14,axQJTSiPe G
251,1977-06-25,bNwBNBEiFh
252,1978-11-03,PkQWkI
253,2028-07-08,OXYyJxUyhVn
254,2068-10-28,cyAFSHRvgzjLlW
255,2085-04-05,HmHUclbfMJm
256,2028-06-24,cYWWxqRRqYajkN
257,2026-05-23,QHKxlMJLsqSw
258,2061-11-01,mQTgvoaCia
259,2020-04-17,VXxBjYPP
260,2075-09-28,cFSEiOvcSGhQmVF
261,1973-09-13,IsAfcczohc
262,2049-07-20,lPZfFibT
263,2063-02-14,ZYnwDZRnZD
264,2076-05-06,wwXJVOSWWQYW
265,1975-10-07,HjwzZ
266,1990-09-06,yhNlIUdbbJzdSl
267,2034-03-18,DePDRpAEOJu
268,2053-06-25,RbakZEk
269,2015-03-02,caXSNM
270,2071-04-04,gCEtcBNMCNTJCKf
271,2043-04-11,yqJIHE UhscEjB
272,2048-01-12,tJ lPDmnoaCX
273,2089-02-15,DmQICZxyfKnEDi
274,2000-02-16,YAuZdJKYMQJyTd
275,2016-09-04,NGRfLGhiLQQ
276,2045-09-12,vEsddGoyxyhlnHl
277,2001-03-20,ZXZUAyMOu
278,2085-03-27,RzQGZbDRvbQhnCn
279,2014-10-19,xyJSezn
280,2084-01-07,lBMlBPgWon
281,1978-07-18,fqFWCWC fD
282,2081-10-26,uMfvTxcYtHHV
283,2070-05-01,cuvsnqaCqBnG
284,2013-02-20,PNstgUTW
285,2062-04-13,gGYMDgpp
286,1979-01-09,mtCiIWjhKuqmmx
287,2060-06-26,ztVvLBAciX
288,2063-10-16,DFCwOMycKGWW
289,2051-05-26,kdjpKFAvRq
290,2032-12-22,UviveaUvVpHKr
291,2087-07-29,LmcWdLQk
292,2015-07-02,ZqYmNSfe
293,1979-09-12,vwKSSJVmwzYpHR
294,2045-09-02,FqsNGXAnUAPV
295,2043-10-30,afRZg
296,2037-10-19,QacVythIitd
297,2034-07-09,pStLxWoGVHyxSi
298,2083-02-28,TdHhSSpv
299,2077-06-02,iCuLOCdnwRo
300,2010-06-20,MowbnnKdeDE
301,2056-01-15,zlMBogtJxHU
302,2016-09-27,mvNniFVj
303,2067-02-14,SbgLcS
304,2035-11-09,VKcsK
305,2020-04-09,CyDwnPeC
306,2071-05-29,lbVTUtKnznR
307,1990-04-03,rDlOFUWHR
308,2052-06-12,zC mrpL
309,2052-06-13,NAyFSxJNnEaLc
310,2031-04-08,mRvzNK
311,1981-05-14,"zthlZynFAIM "
312,2041-12-23,rbSRpCJceUiLN
313,2074-12-13,dysllynqw
314,1996-10-25,noSCvPrIykwyulk
315,2074-04-12,JmJWbkfocA
316,2005-11-01,TmWPwPRla
317,2046-03-07,wkoahf
318,1997-11-13," fLt xb SROkI"
319,1979-11-22,pvFqfC
320,1986-05-17,jcYYkWVlN
321,1970-12-20,uicPf
322,2041-04-28,Wdp KzKaXwfa
323,2069-12-28,BomfUHY
324,2007-01-27,ZRCtAUDifnNiWVX
325,2007-01-03,eWUJeGOk
326,2086-09-16,EWJEq
327,2065-04-23,RaUpkGKHwFw
328,2073-08-29,pCejv
329,1997-07-15,PAVwlAyJGbNTDm
330,2051-07-10,nwnShquzGvDTCXB
331,2088-09-13,JbkVDDUM
332,1980-03-27,TyDtMTkaDsPAr
333,2008-07-28,gwMLLtFxsW
334,2037-04-09,hIJVhNLwHF
335,2017-08-06,rzpqJ
336,2080-09-09,WqCYY
337,1976-12-30,efKnyfSKiFKySvj
338,2058-01-17,elLZKgEcmm
339,2035-12-28,xrINVyfixY
340,2001-07-10,NVdgkwQanXLpHNb
341,2042-05-22,UcWXoxQyxQuRRp
342,2012-07-06,Bftxd
343,2021-05-30,gYWdd
344,1990-03-01,NstbuQmrq
345,1993-12-11,vwPlzPOObkQHvWr
346,2018-04-13,NTcfRcJ
347,2042-06-11,xVwdFjBo
348,2076-07-24,LkAvJQpO
349,2073-09-09,NfgGsHpktFHxcoF
350,2027-05-14,hEaeuNvgGeIz
351,2000-10-24,LqesKmBvxnvLlld
352,2048-09-05,veOsNHckI
353,1995-02-11,DMjiLtkEOCWtw
354,2083-06-05,OVWzjLYqPUf
355,1982-11-13,"RSNzePRsNHJXSA "
356,1970-09-06,IvGFCzV IRlr
357,1984-07-18,AUQUpbtpIJH
358,1977-05-26,ZLrugttEcD
359,1988-07-22,"pnqlD "
360,2011-01-19,pEp qbzYFRX
361,2017-12-23,ihqAlTJVuoGE
362,2057-07-02,NnVaqfrKuzVbpM
363,1975-08-20,VEvRyCW
364,2079-10-15,zEEcFBbNReVuRr
365,2022-11-15,QVLonESWYaCWj
366,2078-01-11,PHvOhiPhlT aQWA
367,2046-12-06,dFLMqiOpL
368,1989-03-01,WeWkQxQ
369,2020-10-13,zJzCVrJDsinzJM
370,2024-03-15,Cgseo
371,1975-01-20,vEQOVswfHOiWob
372,2045-09-22,wNJiuF
373,2008-08-16,zaTexUwIQVdx
374,2019-01-14,tyNtwy
375,2075-03-21,NexMVHYPdGwyfLs
376,2072-12-15,xhllZGWyLlWM
377,2056-09-05,ZxRNe wPE qNWLE
378,2038-05-01,YCEXyhY
379,2068-07-25,qsUCi
380,2044-10-18,rWNWTraXFXLLcIr
381,2053-03-07,ZJutcS
382,2026-01-27,zghknHJEdNZ
383,2022-03-19,O pgK
384,2031-02-14,QIyLuUMt
385,2068-02-15,fpYrscSc
386,2044-03-27,WdsyA
387,2058-03-15,xXxHfpYGONdWZqF
388,1970-10-05,oJAZS
389,2055-11-30,idBgrFXpm
390,2069-06-22,skrO A hNFh
391,2049-05-23,wYLfTs naXXRyt
392,1994-01-01,RqurDI
393,2058-05-11,IJBzaaBTaPy
394,2038-01-01,QMdQSkVEDqYlip
395,2040-03-05,fFEs ojwoMYzDn
396,1998-03-29,HwvWj
397,2035-03-13,boLxRR
398,2066-06-06,hpqwqQTevYT
399,2025-03-12,IMVeWj
400,2032-09-26,HRFFa
401,1991-04-28,bGvwWNFcJOE
402,2060-09-29,NdNDMCWexaq
403,2080-07-21,obwWfHMfsHO
404,1989-09-16,qdaxGkWlOE
405,1985-05-28,ggrSPyt
406,2010-08-01,PoGfVIjlX
407,2011-12-22," lHHqXZMQ"
408,2048-07-25,yDzIYOR
409,2017-11-22,TlCEpFIiEahl
410,2085-10-07,PqaFQidIa kTk
411,2067-02-10,UCvioxe
412,2058-07-16,ElwtR
413,1985-11-24,hMTCLAHxFKbjb
414,2022-12-09,Xgyzrz
415,2071-06-30,mUHnysQzw
416,2009-12-20,hHCXbn
417,2043-09-15,EpWYXLRD
418,2019-03-21,aRxaYQl
419,2005-07-15,iQtEbJBuDgwmc
420,2079-06-30,wI uBUQuacs
421,2040-03-29,ntQgx
422,2083-08-11,EITCyxTCjOtrWAL
423,2081-07-24,ElAZaEjQqhwD
424,2048-10-03,dvPwF bOHCP
425,1981-09-03,IJxbJbz
426,2043-01-12,Gw DvXB
427,1986-02-28,AvGFmSFGMqcV
428,2007-09-26,UhDolICt
429,2025-10-14,pkdCOAZx
430,1971-05-03,YzUPbGYzZkdRGH
431,2024-10-21,qmaaHbkGPllgoBl
432,1980-08-11,AixOaZPZnlvtyJp
433,2065-12-18,wkdLDGoNjms
434,2038-02-17,xpQtyZMN
435,2031-03-01,IhgfwPEL
436,1974-12-13,oOsDSERkvaP
437,1996-04-10,midJBZjqys
438,1975-07-25,OeJTG
439,2033-08-29,hcskQQx
440,2061-05-14,ZXoHDhpFNEEef
441,1973-12-24,usXhLThU
442,2086-02-28,ADDYIp
443,2047-03-02,cxUpUkasWHO
444,1987-04-27,IlozZLdsnCbvTDO
445,2034-02-27,xrKpWKrXWwXle
446,2036-03-15,"kcAkl "
447,2020-07-06,zvioaGrMOnVXQZu
448,2061-01-27,WQUFwnTHAFFfH
449,2085-03-02,PagxNgPNZAnzv
450,2064-07-30,dWxLSLIuEj
451,2016-12-12,kSeiuKUiabAFxCM
452,2067-05-30,RanbjrlI
453,2004-07-23,POsEPetxkBm
454,1988-02-28,NKJpiGiUT
455,1987-04-29,NhKmrCXWBPz
456,2036-07-13,ncoOHPz
457,1991-08-08,QJEMZoHqghkZ
458,2045-01-12,H WCAcdiqI
459,2037-08-12,zLusnQc JoT
460,1970-06-17,nsLvMTtR
461,2031-07-31,jutBKuJViD
462,2021-07-04,goGVYJyLykzjs
463,1970-09-27,uuFFufG
464,2047-08-06,pYyYbxfC
465,2013-01-02,VgmJKOPbkwoM
466,2037-04-15,vbJURgsKroDQP
467,1975-10-19,LlTca OmqP
468,2076-10-05,eGLMLzQdTdhyAu
469,2033-08-13,gCLzirAMN aocDu
470,2076-08-29,BbXiee
471,2005-08-15,RkZsbRPf
472,2009-01-29,Eyltx
473,1997-09-15,lhPHYvESrV
474,2033-08-20,rvIYHaSDzTdaPq
475,2001-10-18,lAvPtI
476,2054-12-22,pNzyEPGohncz
477,1976-03-13,zbNgFs ZxyyFDsB
478,1994-04-21,GXngoh
479,2022-10-04,roCUvR
480,2024-03-19,IuBWKeOSU
481,1998-09-19,tq RrfViUxDDdqL
482,2026-05-04,qwmPcewSUtn
483,2037-01-03,fPQYODvtoqK
484,2047-08-20,knusgUqyCAyiby
485,2001-05-02,LTCIzeqZduNfwa
486,1997-08-15,qDLmVP
487,2076-01-03,uSZMKfiQ
488,2033-01-07,McGPI
489,2022-11-04,qaLpnkLMaS
490,2043-08-28,ce TRSFqozHO
491,1984-12-28,rUPAQIhXnhzYyl
492,2043-09-17,aChdsgs
493,2050-05-10,ppuzkMMV
494,2080-06-30,yCloFKXWb
495,1993-04-03,OTj l
496,1995-01-30,thdUva
497,1973-07-14,ptlMAqKiFBVCrsD
498,2068-11-15,LBZHAx
499,2035-09-30,czdNhIzhMDqD
500,1974-10-15,rMOjdcsoBlMfIoG
501,2016-10-02,rSZKrcDYIGEmG
502,2073-01-11," GTqGJKQPqLAU"
503,1999-05-14,NIroXKLiuBv
504,2024-03-09,HBQyMcbk
505,2037-09-20,JHVCHLKgwxKEJCq
506,2068-11-01,ItqfRomtHYr
507,2031-09-05,ymdLkubwfSuxD
508,2044-08-20,vfGnn
509,2081-03-24,WWgjBmFRUkOiXBC
510,2086-03-10,DSxLovzrdakt
511,2086-09-03,HvDxP
512,1985-06-26,cnaGD
513,1975-04-05,uwjsktZuyITKIP
514,2030-06-01,tJRKSPrn
515,1982-04-27,oMdjqjbxOSiOb
516,2024-05-25,acMQvMdgXDwk
517,2019-05-26,lSEdJHrHv
518,2052-12-14,NxbsSbI
519,2077-07-13,PVsuOjiJHzLYVQ
520,2088-06-12,uiZQPeNop
521,2006-01-02,WLowdGAv
522,1980-12-25,BHNKUhT
523,2057-11-09,myDSDdXvbdGt
524,2068-07-01,BjbdPjPfuQYgyH
525,2042-12-11,DzxCCxBD
526,2018-08-22,EOftwNBa
527,2067-05-21,nDjyMxueQzGzB Z
528,1977-10-08,EDXTDUrGcsegiIH
529,1977-06-18,hkBpbkc
530,2052-10-02,pJvZnUYPSTt
531,2073-01-04,PQkxRoqpbSoD
532,2019-09-24,BAQrmBHpZfRRO
533,2035-07-02,cILgKR
534,1999-06-18,MRyFTtlvqr
535,2083-07-09,Ukmhm
536,2031-10-05,xzjBlwisQGqE
537,2058-05-28,pNAVIL
538,2019-03-22,Vd ljEngPvhnD
539,2082-10-01,mySHoelyRbiaoA
540,1993-08-02,LmNESUxEEmxD Qa
541,2028-01-23,yaRuSfEgqUQK
542,2033-12-15,QwtXjyDEPU
543,2001-07-31,IyGe xcXd
544,2057-04-28,hHXxPnbOBU
545,2056-02-10,XElHMSnGni
546,2050-06-18,YJYKdLz
547,2084-07-28,PCuwYXDkqa
548,2062-07-25,CGJTfW
549,1984-09-02,ORxuFAqy
550,2055-09-26,FVTyk
551,2007-02-12,UIrxLBPXdXBPqrK
552,2022-09-16,WvxAxvTSAFANP
553,2056-04-09,JtXEElDdQFoe
554,2068-07-22,rqWhkIRQ
555,2048-11-19,fYVNQq
556,2039-04-06,BBuENHD
557,1973-03-03,nnarEYrodEAngQY
558,2032-10-30,FaqNgZlMHJXj
559,1972-08-07,JtiCXXpMC
560,2037-10-04,SUIv CEmpbHFqn
561,2005-04-25,VDAtWYhymqgc
562,2007-03-05,bHBJRN
563,2058-11-25,rALzsVRhsEZH hg
564,2069-12-05,GNxmzwBCRupNb
565,2076-09-29,jzyfOoRvLHwbUMl
566,1985-11-29,wCjsbEcz
567,1990-07-08,tYKEio
568,2052-08-23,IEtyOLdVEPR
569,1976-02-11,eRqcSMotSM
570,2023-12-18,sDNYK
571,2030-07-30,nELVjgtoe
572,2086-11-07,"gzgYWqS "
573,1976-07-19,xQhmF
574,2058-08-22,QFMbLmlxKCOju
575,2040-03-03,XQvzYNtRdPP
576,2061-10-26,DBhBrbp
577,1989-03-09,uTRksyNYDV
578,2006-04-12,kj pynhOgLxn
579,2023-10-05,awMqfYg
580,2064-09-23,RfIEYyJF LRbf
581,2035-12-22,ReKyJHH
582,2053-10-23,FjZlXNf
583,2051-10-30,GpTioLQO
584,2037-08-04,iEzpTQbETNgcui
585,1979-07-27,dMkOaqTpcxZL
586,2083-04-11,jjBFbVp
587,1993-09-25,B IyqrNDVdW
588,2089-07-05,DLydjRHahZxbA
589,1989-10-19,OAzKadTrPfYR
590,2081-08-30,KXqZIGVtNo
591,1982-12-29,xkVtIdqcW
592,2032-09-28,JwMwTdevvdHQKgS
593,1977-05-16,gJVjnIOrnAs
594,1974-01-09,BXvRCGrehuxVO
595,1978-03-26,gWAViYFFJS
596,2036-04-07,zxmizwQjNqM
597,1998-12-20,pGPgdh
598,2059-01-17,ftfqOu
599,2007-11-17,mIOWveHAYiX wxF
600,2063-10-22,szkoYuV  vN
601,2065-07-12,sanigmWfkxYpbuL
602,2076-08-24,XjJfq
603,2008-06-30,IWzIYJLHkeG
604,2063-01-20,DcNqnyPuUzNXuL
605,2012-10-04,MJDYTagK
606,2003-11-20,LkzDIGSteyToTdQ
607,2008-08-07,VeIjVqGvsIa
608,1999-03-05,yWIuoBEtdmC
609,1977-05-17,fzLBZ OvjZtH PE
610,2086-11-25,VpSwKJ
611,1988-12-13,MuMpbbRj
612,1997-01-19,NxEJdT
613,2028-01-05,BVWcCqckVWvo
614,2022-05-23,IrGKIQInINrSRg
615,2044-11-22,GcXWWDweeuPW
616,2035-07-08,yFWAptriKtVhx
617,2005-05-04,nlwYpUfu
618,2005-03-24,hJQVpDRtE
619,2072-07-12,SBEMHn
620,2048-03-06,kqUIpXh
621,1996-12-11,GEPXeMaJWvMQhvq
622,2019-07-22,zZe Cv
623,2070-05-28,TIcjUXll
624,2014-07-30,YVJWfqqRizgsfmR
625,2021-11-11,DREiV
626,2029-11-25,KkHKvLBmv
627,2024-04-22,lrTOO
628,2072-03-27,QXETSSOkuDjy
629,2037-06-24,QIkytxKZHd
630,2088-01-24,cMomLnMrojqP
631,2015-11-07,WaqlCLEb
632,2022-06-05,sunXbnniqdv
633,2059-03-04,AQrWPlxLEBA
634,2013-09-07,IbwqZa
635,2026-08-30,ZtprA twLObYI
636,1973-04-23,EaEFJtPbHNOwv
637,1990-08-01,psFTUhQAln
638,2088-04-02,LpVoDCuFnFrq
639,1978-10-22,HEwEGIS
640,2048-01-02,ypRZzm
641,1974-06-24,oXPLWBncK
642,2042-12-18,vmjckxddJ
643,2017-10-30,ioHnsZfvHxg
644,2021-03-09,HalPVsxMKV
645,2088-06-29,rHJCXBm
646,1987-05-15,BIzKGeYFpdVM
647,1986-07-05,gEzhBOVO
648,2035-11-30,gGOPtivzdqax
649,2064-05-05,dijUIZffzpe
650,2063-12-12,AAmNtUgdfDHh vC
651,2057-10-04,BoHmoKuZwNvxe
652,2086-05-30,IFSWeI
653,1980-07-10,oFXPO
654,2054-08-15,eMfdCRlzGULUCi
655,2064-03-19,I DPHW
656,2015-05-27,GwVXgbz
657,1987-08-20,HgEynYTElwzs
658,1996-11-20,xWlmrXdMCUK
659,2072-06-30,UUfwGkbIKPkz
660,1994-04-13,pLOckBxNxZ
661,1986-08-09,JpkvUbxcCbNrrc
662,1993-12-29,PRyXDIrXeBm
663,1993-01-18,PRTXKUhBEzXhLo
664,1990-04-26,cVMBOxurS
665,1990-11-29,JzamptTkNapz
666,1976-02-20,xAUCtXANP
667,2047-03-22,QPoWpGvIKMQhalo
668,2016-10-22,cUPCuwZmcioMXLN
669,2017-01-09,jHoOPFRRr qix X
670,2081-02-27,YmqKSdd
671,2003-03-05,sYQXKvQCcnAGgNl
672,1982-01-26,mJjDo
673,1973-06-04,oNYXMO bk
674,2028-07-09,LdfsD UFdiXdcE
675,2081-08-16,cMNMSyLqvg
676,2043-06-23,hGtdWNnEbAXUGae
677,2044-08-26,xI KqqNS
678,2065-12-30,rwQplbMooD
679,2020-03-02,cSzBX
680,2031-03-20,lWJMBjjCFdwmbBn
681,1995-12-17,VG sZHCiUQTnphu
682,2056-05-01,ukyZYCcgIjnS
683,2026-12-06,NfFheOylwBhQHG
684,2008-02-21,FhySmK
685,2004-11-23,HApkSwECggYRs
686,2089-08-25,lYFldsMhBNBBou
687,2056-08-03,UYlkusWJ
688,2022-10-14,dBvjjOzUzwLx
689,2027-07-23,mYqWPSMinxWmJtX
690,1991-03-06,"allEq ZS "
691,2000-09-11," HeSAlMSFR"
692,2089-09-09,QtjIwWBp
693,2016-06-23,fJDoRKfYwjMkiBU
694,2002-03-04," QUydmUtDH"
695,2016-12-22,JCspqQRybd
696,1970-11-06,IPyFxWImfbl
697,2080-06-30,MNjBEdLUxXjLbx
698,2030-08-16,eXulxPvaOOlX
699,2055-03-28,uVPGUvzYJ
700,2089-12-15,VA RwGKTqtfrEnD
701,1976-06-23,qlfoxb
702,2034-10-12,vHQkUzdwwNovpY
703,2041-06-02,smHgiXJcCnLt
704,2022-11-01,lqRqY
705,2086-05-17,pESQ WqVFPOdDb
706,2042-06-29,wPSKuTwqFCbyZa
707,2079-12-29,DxkF sAhwjd
708,2051-01-12,BItdKTdqT
709,2056-09-09,mBduntIDMZ
710,1977-09-24,gtkToUCKLLMpv
711,2078-09-03,lIDPGOtFaDjGhuD
712,1984-11-16,jZrnY
713,2012-02-10,jDPMQkbwXFdJFm
714,2020-11-21,tJVrrHcn
715,1978-09-08,asqopaK
716,2034-08-27,cxooaaIIyy
717,1996-09-27,JdQRmFc
718,1982-05-03,VEEMWAFQyhV
719,2037-01-21,JZVZfp
720,1992-01-25,EDerpEP
721,2080-05-08,"ppjBFIx NYHmTg "
722,2005-07-12,xqxryUMvP
723,1980-02-10,TlFOv FnwAkXzH
724,2028-06-27,XjoLzcP
725,2034-02-24,npQetFJwXppMlkM
726,1989-09-26,MWtxJu
727,2041-10-03,XjSItTbRwGb
728,2003-09-08,yqmWsHtGpJzFqfS
729,2076-06-11,EhLnLYZUl
730,2041-12-11,jKoqWvlM
731,2036-11-07,TGNOsbAlbLDjoKx
732,2033-06-01,CfCYFkn
733,2047-04-11,yBxcFnjBv
734,2079-09-25,HZydWBrN
735,2021-07-04,MYoSyjsKkYS
736,2041-01-23,TFhuk
737,2056-10-09,FLXcHp
738,2062-09-24,iOBeRlNE
739,2075-03-11,HWVUzslLhMz
740,2059-12-03,DNydG
741,2089-03-31,niVMbIaU
742,2017-04-14,EdOtY PsVwU vY
743,2004-12-21,hItHQUaIC
744,2063-08-12,thHWQAsewrJy
745,2024-02-28,AamgUjOBA
746,1977-08-21,CJKHhnwiJUmQ
747,2070-12-28,FTtCGPhBbXWm
748,2078-02-09,ZBHXQWGU
749,2062-12-21,bHdQF
750,1980-06-26,OXgZxmAkVoARA
751,2012-01-29,CFYzvnL
752,2084-10-26,kBdGGyGdC
753,2032-01-17,MWSwopnqqqfAyPV
754,1991-03-13,gDmxGPrLP jGc
755,2068-11-08,qkYmSa
756,2003-09-12,EdGnYpKb v
757,2047-01-24,DxdofSBuUMye
758,2049-08-15,wqLBpUj
759,2066-09-04,nteQt mVFp
760,2047-09-03,dESZGWSE
761,2081-02-04,mvNDmpkzOE
762,1985-12-20,ODSzxNvQWaBLU
763,1980-06-05,iEA p
764,2050-12-13,aKIQxA
765,1999-08-04,zOHJWqNkz
766,2033-07-09,jESCHZGGvm
767,2089-11-22,xLz MmXOvnyIsM
768,2036-01-14,NeycJD
769,2014-02-24,rmOjIoczl
770,2088-12-20,oJYYBBlNKwRIC
771,2086-03-01,azQRpdMjBuwcl
772,2005-06-24,FCUlS
773,1997-08-29,gNJmuJL
774,1993-12-27,WBklT
775,1986-04-17,xNokkvQifVp
776,2000-02-10,eVmCql
777,1985-04-16,JqCyIzaFSJccMC
778,1977-02-02,HaHVkdHcowTv
779,2078-05-19,vQbkikodqQZqCUX
780,1991-08-05,zVaEF ZRF
781,2089-06-21,JMnSZcYFk
782,2050-11-10,jGYamm
783,1993-03-03,AvtNF
784,2025-11-12,tzpZzhaaZGmZyk
785,1980-05-09,NMegv
786,2024-11-18,mXSPJguP
787,1990-07-01,iN yPhbFbQjv
788,2063-10-10,KymPktAJbGF
789,2089-05-10,RGcbO TMoZr
790,2086-01-17,tpcTxN
791,2036-08-25,AeLoSjaswYY
792,2059-03-05,UFCkJ
793,2062-04-14,JTFrGzUKAh
794,2000-11-15,YvnND
795,1998-06-20,WJUjaymE
796,2049-08-24,JXccKDYdD
797,1989-12-04,mAfB JifzfVRbg
798,2040-07-15," fjAgLSUvUUu"
799,2027-07-11,MvaSEdQHMfXsYKN
800,1991-12-13,TZkjIsf
801,1979-01-11,tPOatfmSiBXn
802,2029-03-04,GsdNayaO
803,1990-11-06,yurXWTZiWp
804,2088-07-10,OIhJgqaBkfqD
805,2000-03-09,wBxcmljG
806,1973-10-05,SQVBz
807,2012-06-18,ZdDJGTWFsaBTXA
808,2067-11-16," mvURORNnpUZZGU"
809,2059-08-30,mhwLVjChb
810,2085-09-11,TBNHOcBjw
811,2064-01-19,mDglDKzx
812,1975-06-21,DqfXoW
813,2030-11-10,vpWMSba jGeBU
814,2022-06-12,cHdCsSgUbLT
815,2002-04-13,WJEciF
816,2066-11-24,YKrvzMFxOXQ
817,2033-11-18,WSdglVhWlIQm
818,1994-02-07,d URj
819,2075-02-22,RuWRyqOdowwzUS
820,2051-05-16,mHOPCnHLoLFx
821,2035-10-08,dwuzpJRbBo
822,2081-02-09,CXDCjkhAUnzAvH
823,2013-05-23,rWhxAZoFpQMnogP
824,2023-11-23,kHAPfBpXNDWuCFO
825,1989-07-05,TdKIfrKXiGn
826,1977-01-15,FqVQjH
827,2012-10-03,CidVqSBj
828,2055-05-09,EhwVQhMPQH
829,2008-12-06,cHIzkD
830,2068-01-31,BjQMcDBSRWd
831,1976-03-25,OEPiygc
832,2075-12-25,BfVqbXFRAuTj
833,1998-11-16,Clmcx
834,2085-08-16,clLuzQaGyPFO
835,2080-01-28,tfDEfHoNF
836,2027-10-11,u ktwAaTIUQMqhm
837,2038-02-18,mUTldsiTyogpjkD
838,2075-11-08,lSlkmHJ
839,2057-10-25," jhMWh"
840,2081-07-07,v caVSLP
841,2079-01-03,HX BOQOfQL
842,1977-02-05,QAewLRgM
843,2086-07-01,xeAtEzTnRLpa
844,2021-06-10,ZwUbLekyeFWOZDK
845,2089-10-05,GuiwcSl
846,2005-12-20,svzCqn
847,1976-02-12,MDSjMjQ
848,2032-05-11,EdGknF
849,2089-02-09,fjhIpRaMHr
850,2037-03-03,jyaKqXJ
851,2006-02-16,zHHezNy
852,2010-06-21,FzzraNVZEPj
853,2076-06-29,vMtSVaP
854,2011-07-28,lYNnoOhIPa
855,2001-05-30,Z DMpgYGnvkAd
856,2087-02-26,SnNuSjrxAK
857,2085-03-27,kpB kipmVZI
858,1990-10-02,DEVqiKZ olio
859,2071-06-22,WhcLnVgeTxf
860,2040-02-19,hMWvjOkWqfMC
861,1987-07-30,wHnJquztL
862,1988-04-06,Lq  kjFB
863,2007-12-11,dNONoCnInPkhI
864,1976-11-05,kjuYD
865,1986-12-09,QDPeCu
866,2031-12-11,FchACSRt
867,1994-01-10,LGLlxLQILv
868,2001-12-11,qDEnsC
869,2022-03-05,IgZjLXduulEw
870,2080-04-13,GMekxmal
871,2045-05-17,emRtBcqtftAyay
872,1997-10-03,ifYvaDQuD
873,1974-01-06,DTpmeS KT
874,2063-12-24,hebhpedArr
875,2002-04-19," mGlKdAhJnNmu Q"
876,1994-02-20,TkvqSsBpXPETc
877,2042-07-22,lkcIGRbB
878,2037-10-08,GMDftj NnDeKxlw
879,2001-05-14,uvhFKwgKbcZWw
880,2056-10-05,vPhcnSo
881,2003-11-27,frsml oh
882,2038-03-04,VHFMAsNSDj
883,2015-02-02,mJfJDcg
884,2029-08-21,ikuhJLvnQJRqr
885,2039-06-15,uROMMwNtczx
886,2037-05-09,Bely MjLSqndLyv
887,2089-03-12,DkLacHts
888,2060-04-24,tuoyZSagutGa
889,2040-07-18,xEJQRFYzF
890,1982-08-18,PAasrxKtNxDKmW
891,2047-07-28,DhdEPH
892,2007-11-30,jqqvUxYFiuS
893,2076-12-06,lmRbUo
894,2074-05-04,ixygVAkWz
895,1996-12-28,rbtbaxwwoyvNY
896,2036-10-25," BVEtXig"
897,2025-11-14,KfdwVEYmwq
898,1978-11-17,fGlWEwbYmU
899,2053-12-16,BfJSWKO kNHMo
900,2019-12-08,BRyISxfqm
901,2029-10-05,jRLsmsc
902,2039-12-01,vkbbNLTQNAc
903,2058-10-04,p wUsdl
904,2018-11-24,BWlUnRsMUe
905,2057-02-25,GUnYNUH
906,2051-08-29,CYgKfddro BMcTd
907,2038-10-13,ATLwxYUUcNeioIJ
908,1994-07-11,EQvKKUTHBV
909,2004-06-07,GMJWdMpKAPKR
910,2083-06-04,DRPXgLkpWIlO
911,2053-11-30,JLmTYsS
912,2048-04-19,gu YIRebLNb
913,2050-09-19,ms knuiLZBi
914,1979-12-09,cXQWlzwilN
915,2056-06-13,NXOZPskp
916,2040-12-23,mHFdGPVRDtFI
917,2027-03-16,SLUgasftLf
918,2067-10-25,EkmriQ
919,2052-02-01,hHUGDvpBMhXoEhU
920,2028-02-16,MPNngCMqPatnmF
921,2020-08-23,fFmwuNkxYSs
922,2077-09-08,WPiitYtBuwvXA
923,2018-12-15,LUxtNS
924,2048-02-16,SGPckRevF
925,2086-07-11,cAmhdFwts
926,2015-11-20,lIixHA
927,2078-02-17,CDuWVt
928,2020-10-06,vOxDL
929,2049-03-17,zLhQG tlYppXVl
930,2047-10-06,HSI ucx
931,2002-09-21,QYZzUAUGFGW uKT
932,2027-11-12,JqcVKgivVu
933,1977-08-12,NotCsCEoPgFglfP
934,2016-10-19,EJKMlZbiKvz
935,2064-06-03,SmObHnsmPsA
936,2035-07-16,NnwzZJ
937,2028-02-08,DCDZIHEZmxq E
938,2014-06-20,zUzgC
939,2048-05-01,SgoVBqObDWB
940,2050-02-23,PuniUiZLLkajCs
941,2029-10-26,hsLgpMAfToGT
942,2037-01-07,zoWhT
943,2064-07-10,DoBheOsT
944,2068-07-24,FkVeQREBgjH
945,2003-07-27,qqdCR
946,2011-03-22,DbkJxtYKL
947,2078-07-30,ToWIyr
948,2022-06-03,XTFgmes
949,2079-03-28,DBlaDCHbrSaA
950,2065-03-05,wjRjEvtwYaQfYG
951,2078-07-07,CiDzAzRkvNZLkiZ
952,2016-05-24,YiFtkVh LFUcGK
953,2078-05-25," EgCWQMJVQq"
954,2006-11-04,ppgiCAYUduPun
955,1973-06-26,GOqbq
956,2050-04-09,SzrSjiCL
957,1975-08-23," VsmHzO"
958,2077-06-07,aCbHAz
959,2083-11-07,F cXfzvRnreb
960,2030-07-29,YhayYKlV lr
961,2003-08-17,nBOEoxrJqskOtH
962,2006-05-14,"EHqnJBEPfe "
963,2009-09-15,Qtn JQQRubZSj
964,2077-09-20,"Tw s "
965,2057-05-21,hCLVWNj
966,1978-10-08,EqZTBdTs SHx
967,1988-11-07,HGvWHOLl
968,2088-06-21,eUKdr udiHV
969,2022-08-07,oUAhkSCL
970,2066-09-25,KjVMvThaauDu
971,2028-03-01," poVc"
972,2077-02-20,ltWHspSdVflnoU
973,1992-03-09,MFsiyj
974,2008-12-12,KQxKXJysn
975,2063-01-13,QkiEVtxvue
976,2034-11-19,hQEyp
977,1983-06-25,PdGbtr
978,2033-08-05,ArzDitI Lbbr
979,2058-01-01,"AnweozXB "
980,1998-09-03,SJlFc
981,2013-08-22,MnutqcmacvheZEw
982,2070-11-13,KzWXzEAWYBB
983,2044-01-24,ifESEQoRUK
984,2014-04-10,WnMJTJccrTfrO
985,2016-04-15," Audh"
986,2073-08-27,jearCljYmu
987,2081-10-14,FoJTStjrL J
988,2046-10-18,KausFCvRbDOmG
989,1980-02-20,rbcdfQKKrCOhB
990,2015-10-01,vseKazJILYw
991,2057-12-01,cQqoZNq
992,2063-09-16,wl Me
993,1992-08-04,btksJ
994,1990-05-26,Y IUzCLYQE
995,2078-10-24,arDyZNKSaH
996,2008-05-19,sqOCEWmPSMdrix
997,2036-05-25,xnstTUsIT
998,2023-08-25,ELTNvhXFoqSLYaA
999,2012-07-10,CdSvou
1000,2026-02-14,btdnm
1001,2073-03-25,tjbUaCvkwlO
1002,1973-04-28,lPBKhRGeER
1003,1976-04-10,gWeDd
1004,1984-04-01,LfzcfiPuFC
1005,2038-11-04,ibUKhOAQZ
1006,2018-07-15,OBdRe
1007,2088-08-29,qziuwkyYT
1008,2015-09-05,zeXeULaPI
1009,2029-10-07,kWcCxSJYPqk
1010,1979-05-23,dakBevEW
1011,2019-03-08,qruhWwbhtw
1012,2040-01-27,urGpmUJrd
1013,2061-06-11,Ht Agt
1014,2019-10-29,vbhsj
1015,1976-05-03,NcAFYDv
1016,2083-12-27,VuEBU
1017,1975-08-14,eEyMHX
1018,2016-08-07,htfrpePDhr
1019,2037-10-03,hfkEvN
1020,2002-02-21,pbHOnHnnPseNko
1021,2061-03-26,kaXxmbf
1022,2039-12-11,ISdnNhERD
1023,2083-07-13,aeoHrKgJo
1024,1989-04-15,rgjvNBpwuAIdgH
1025,2026-10-24,GUcgqQrPS
1026,2043-12-27,BtxMf
1027,2082-07-16,"mSdcqYppU iW "
1028,2016-11-14,QttsqpUSaBo
1029,2005-08-24,ReQBa d
1030,2034-08-12,BoyyKzFYQojSxND
1031,1994-10-27,wgSOUI
1032,2064-04-13,ldVooGEAZ
1033,2088-12-27,eJiSjqo
1034,2036-05-10,anURuutJffs
1035,2086-07-31,rXImixVBEfIFOn
1036,2047-03-25,DDpqDFK
1037,1996-07-08,PpRpwV
1038,2052-12-13,gQ xJ
1039,2080-01-31,LlLIuuK
1040,2056-03-08,FkTmy
1041,1971-04-18,PiDCugeCFbp
1042,2028-12-01,uLcbf
1043,2041-04-28,ToDCCbmB
1044,2013-03-26,y iatAmcGySXy
1045,2020-08-29,FvNaSWHACIFHY
1046,2056-02-24,YtyFjJvcRWLX
1047,2052-07-21,STBWB lZlRcwV
1048,2018-11-28,tNJbfe
1049,2014-06-15,zCxmKnFB
1050,2064-07-13,ymFAWeUgJiwsDea
1051,2034-07-05,xhtPHCGw Iqf
1052,2037-12-31,rgOAEZYyZnrln
1053,2041-05-07,POpGlJLYeAYJYe
1054,1971-10-09,raNmvgvE
1055,2048-07-09,NziHFUhRbNmQU
1056,2070-09-22,PSSUKC
1057,2038-11-16,eOgeFjXnHkjdH
1058,2034-12-13,GZRDQkhbfm
1059,2042-09-28,unLpN
1060,2005-06-18,LmYKdxJuPlLRXo
1061,1985-07-09,xwXfTTuk
1062,2048-07-18,psnPir BB
1063,2039-08-13,fzmIf
1064,1976-07-12,wfELZ
1065,2012-04-25,imzlJH
1066,2037-04-12,EANXeVAsbskNK
1067,2028-04-28,tALUwjLSI
1068,2053-10-23,VPosemx
1069,2058-12-05,YcgfUXtwi
1070,1978-06-01," TTrOy"
1071,2071-08-06,KTjz yJtBJJM
1072,2050-05-22,jwRkMkbLWe
1073,2046-09-13,CyXbvlMzucAykYb
1074,2080-08-22,giSEh
1075,2075-12-14,xQlhfn
1076,2020-12-14,pWLYvfSEQ
1077,2076-07-10,niVSaEXrBVtuX
1078,1995-06-13,ECrojRhkVdetGwi
1079,1986-04-18,rOGAdROF
1080,2045-10-07,AKDWeplLJ
1081,1971-10-09,TtzuGjCcTVw
1082,2046-01-14,OJXHQXaeTNgykV
1083,2030-07-08,LwhlrlanKAVRKyr
1084,1970-06-06,KNEupL
1085,2011-06-12,lCnumdGqjn
1086,2056-02-08,YaWYg
1087,2033-08-02,cCNRwsmTVusjv
1088,2032-08-12,GptCrQmiuspdq
1089,2063-04-24,uTOegPpXKe
1090,2083-08-13,BmtCnWQ
1091,2030-03-23,JvwGyE v
1092,2000-09-08,ZybkdoGHY
1093,2009-12-29,DyWes
1094,2040-07-07,zcCsdLGsauqI
1095,2011-04-06,hgZBEdH
1096,2060-06-01,laBtXYtcYkxdLZ
1097,2014-03-21,FEVZS TKJQ
1098,2002-05-15,CHNkMhYaZgB
1099,2077-12-12,zZRQEFVSwF